acanthochromis_polyacanthus/Acanthochromis_polyacanthus.ASM210954v1.104.gff3.gz
accipiter_nisus/Accipiter_nisus.Accipiter_nisus_ver1.0.104.gff3.gz
ailuropoda_melanoleuca/Ailuropoda_melanoleuca.ASM200744v2.104.chr.gff3.gz
amazona_collaria/Amazona_collaria.ASM394721v1.104.gff3.gz
amphilophus_citrinellus/Amphilophus_citrinellus.Midas_v5.104.gff3.gz
amphiprion_ocellaris/Amphiprion_ocellaris.AmpOce1.0.104.gff3.gz
amphiprion_percula/Amphiprion_percula.Nemo_v1.104.chr.gff3.gz
anabas_testudineus/Anabas_testudineus.fAnaTes1.2.104.chr.gff3.gz
anas_platyrhynchos/Anas_platyrhynchos.ASM874695v1.104.chr.gff3.gz
anas_platyrhynchos_platyrhynchos/Anas_platyrhynchos_platyrhynchos.CAU_duck1.0.104.chr.gff3.gz
anas_zonorhyncha/Anas_zonorhyncha.ASM222487v1.104.gff3.gz
anolis_carolinensis/Anolis_carolinensis.AnoCar2.0v2.104.chr.gff3.gz
anser_brachyrhynchus/Anser_brachyrhynchus.ASM259213v1.104.gff3.gz
anser_cygnoides/Anser_cygnoides.GooseV1.0.104.gff3.gz
aotus_nancymaae/Aotus_nancymaae.Anan_2.0.104.gff3.gz
apteryx_haastii/Apteryx_haastii.aptHaa1.104.gff3.gz
apteryx_owenii/Apteryx_owenii.aptOwe1.104.gff3.gz
apteryx_rowi/Apteryx_rowi.aptRow1.104.gff3.gz
aquila_chrysaetos_chrysaetos/Aquila_chrysaetos_chrysaetos.bAquChr1.2.104.chr.gff3.gz
astatotilapia_calliptera/Astatotilapia_calliptera.fAstCal1.2.104.chr.gff3.gz
astyanax_mexicanus/Astyanax_mexicanus.Astyanax_mexicanus-2.0.104.chr.gff3.gz
astyanax_mexicanus_pachon/Astyanax_mexicanus_pachon.Astyanax_mexicanus-1.0.2.104.gff3.gz
athene_cunicularia/Athene_cunicularia.athCun1.104.gff3.gz
balaenoptera_musculus/Balaenoptera_musculus.mBalMus1.v2.104.chr.gff3.gz
betta_splendens/Betta_splendens.fBetSpl5.2.104.chr.gff3.gz
bison_bison_bison/Bison_bison_bison.Bison_UMD1.0.104.gff3.gz
bos_grunniens/Bos_grunniens.LU_Bosgru_v3.0.104.chr.gff3.gz
bos_grunniens/Bos_grunniens.LU_Bosgru_v3.0.104.gff3.gz
bos_indicus_hybrid/Bos_indicus_hybrid.UOA_Brahman_1.104.chr.gff3.gz
bos_mutus/Bos_mutus.BosGru_v2.0.104.gff3.gz
bos_taurus/Bos_taurus.ARS-UCD1.2.104.chr.gff3.gz
bos_taurus_hybrid/Bos_taurus_hybrid.UOA_Angus_1.104.chr.gff3.gz
bubo_bubo/Bubo_bubo.BubBub1.0.104.gff3.gz
buteo_japonicus/Buteo_japonicus.ButJap1.0.104.gff3.gz
caenorhabditis_elegans/Caenorhabditis_elegans.WBcel235.104.gff3.gz
cairina_moschata_domestica/Cairina_moschata_domestica.CaiMos1.0.104.chr.gff3.gz
calidris_pugnax/Calidris_pugnax.ASM143184v1.104.gff3.gz
calidris_pygmaea/Calidris_pygmaea.ASM369795v1.104.gff3.gz
callithrix_jacchus/Callithrix_jacchus.ASM275486v1.104.gff3.gz
callorhinchus_milii/Callorhinchus_milii.Callorhinchus_milii-6.1.3.104.gff3.gz
camarhynchus_parvulus/Camarhynchus_parvulus.STF_HiC.104.chr.gff3.gz
camelus_dromedarius/Camelus_dromedarius.CamDro2.104.chr.gff3.gz
canis_lupus_dingo/Canis_lupus_dingo.ASM325472v1.104.gff3.gz
canis_lupus_familiaris/Canis_lupus_familiaris.CanFam3.1.104.chr.gff3.gz
canis_lupus_familiarisbasenji/Canis_lupus_familiarisbasenji.Basenji_breed-1.1.104.chr.gff3.gz
canis_lupus_familiarisgreatdane/Canis_lupus_familiarisgreatdane.UMICH_Zoey_3.1.104.chr.gff3.gz
capra_hircus/Capra_hircus.ARS1.104.chr.gff3.gz
capra_hircus_blackbengal/Capra_hircus_blackbengal.CVASU_BBG_1.0.104.chr.gff3.gz
carassius_auratus/Carassius_auratus.ASM336829v1.104.chr.gff3.gz
carlito_syrichta/Carlito_syrichta.Tarsius_syrichta-2.0.1.104.gff3.gz
castor_canadensis/Castor_canadensis.C.can_genome_v1.0.104.gff3.gz
catagonus_wagneri/Catagonus_wagneri.CatWag_v2_BIUU_UCD.104.gff3.gz
catharus_ustulatus/Catharus_ustulatus.bCatUst1.pri.104.chr.gff3.gz
cavia_aperea/Cavia_aperea.CavAp1.0.104.gff3.gz
cavia_porcellus/Cavia_porcellus.Cavpor3.0.104.gff3.gz
cebus_capucinus/Cebus_capucinus.Cebus_imitator-1.0.104.gff3.gz
cercocebus_atys/Cercocebus_atys.Caty_1.0.104.gff3.gz
cervus_hanglu_yarkandensis/Cervus_hanglu_yarkandensis.CEY_v1.104.chr.gff3.gz
chelonoidis_abingdonii/Chelonoidis_abingdonii.ASM359739v1.104.gff3.gz
chelydra_serpentina/Chelydra_serpentina.Chelydra_serpentina-1.0.104.gff3.gz
chinchilla_lanigera/Chinchilla_lanigera.ChiLan1.0.104.gff3.gz
chlorocebus_sabaeus/Chlorocebus_sabaeus.ChlSab1.1.104.chr.gff3.gz
choloepus_hoffmanni/Choloepus_hoffmanni.choHof1.104.gff3.gz
chrysemys_picta_bellii/Chrysemys_picta_bellii.Chrysemys_picta_bellii-3.0.3.104.chr.gff3.gz
chrysolophus_pictus/Chrysolophus_pictus.Chrysolophus_pictus_GenomeV1.0.104.gff3.gz
ciona_intestinalis/Ciona_intestinalis.KH.104.chr.gff3.gz
ciona_savignyi/Ciona_savignyi.CSAV2.0.104.gff3.gz
clupea_harengus/Clupea_harengus.Ch_v2.0.2.104.gff3.gz
colobus_angolensis_palliatus/Colobus_angolensis_palliatus.Cang.pa_1.0.104.gff3.gz
corvus_moneduloides/Corvus_moneduloides.UO_Cmon_1.0.104.gff3.gz
cottoperca_gobio/Cottoperca_gobio.fCotGob3.1.104.chr.gff3.gz
coturnix_japonica/Coturnix_japonica.Coturnix_japonica_2.0.104.chr.gff3.gz
cricetulus_griseus_chok1gshd/Cricetulus_griseus_chok1gshd.CHOK1GS_HDv1.104.gff3.gz
cricetulus_griseus_crigri/Cricetulus_griseus_crigri.CriGri_1.0.104.gff3.gz
cricetulus_griseus_picr/Cricetulus_griseus_picr.CriGri-PICR.104.gff3.gz
crocodylus_porosus/Crocodylus_porosus.CroPor_comp1.104.gff3.gz
cyanistes_caeruleus/Cyanistes_caeruleus.cyaCae2.104.gff3.gz
cyclopterus_lumpus/Cyclopterus_lumpus.fCycLum1.pri.104.chr.gff3.gz
cynoglossus_semilaevis/Cynoglossus_semilaevis.Cse_v1.0.104.chr.gff3.gz
cyprinodon_variegatus/Cyprinodon_variegatus.C_variegatus-1.0.104.gff3.gz
cyprinus_carpio/Cyprinus_carpio.common_carp_genome.104.chr.gff3.gz
cyprinus_carpio_germanmirror/Cyprinus_carpio_germanmirror.German_Mirror_carp_1.0.104.gff3.gz
cyprinus_carpio_hebaored/Cyprinus_carpio_hebaored.Hebao_red_carp_1.0.104.gff3.gz
cyprinus_carpio_huanghe/Cyprinus_carpio_huanghe.Hunaghe_carp_2.0.104.gff3.gz
danio_rerio/Danio_rerio.GRCz11.104.chr.gff3.gz
dasypus_novemcinctus/Dasypus_novemcinctus.Dasnov3.0.104.gff3.gz
delphinapterus_leucas/Delphinapterus_leucas.ASM228892v3.104.gff3.gz
denticeps_clupeoides/Denticeps_clupeoides.fDenClu1.1.104.chr.gff3.gz
dicentrarchus_labrax/Dicentrarchus_labrax.seabass_V1.0.104.gff3.gz
dipodomys_ordii/Dipodomys_ordii.Dord_2.0.104.gff3.gz
dromaius_novaehollandiae/Dromaius_novaehollandiae.droNov1.104.gff3.gz
drosophila_melanogaster/Drosophila_melanogaster.BDGP6.32.104.chr.gff3.gz
echeneis_naucrates/Echeneis_naucrates.fEcheNa1.1.104.chr.gff3.gz
echinops_telfairi/Echinops_telfairi.TENREC.104.gff3.gz
electrophorus_electricus/Electrophorus_electricus.Ee_SOAP_WITH_SSPACE.104.gff3.gz
eptatretus_burgeri/Eptatretus_burgeri.Eburgeri_3.2.104.gff3.gz
equus_asinus_asinus/Equus_asinus_asinus.ASM303372v1.104.gff3.gz
equus_caballus/Equus_caballus.EquCab3.0.104.chr.gff3.gz
erinaceus_europaeus/Erinaceus_europaeus.HEDGEHOG.104.gff3.gz
erpetoichthys_calabaricus/Erpetoichthys_calabaricus.fErpCal1.1.104.chr.gff3.gz
erythrura_gouldiae/Erythrura_gouldiae.GouldianFinch.104.gff3.gz
esox_lucius/Esox_lucius.Eluc_v4.104.chr.gff3.gz
falco_tinnunculus/Falco_tinnunculus.FalTin1.0.104.gff3.gz
felis_catus/Felis_catus.Felis_catus_9.0.104.chr.gff3.gz
ficedula_albicollis/Ficedula_albicollis.FicAlb1.5.104.chr.gff3.gz
fukomys_damarensis/Fukomys_damarensis.DMR_v1.0.104.gff3.gz
fundulus_heteroclitus/Fundulus_heteroclitus.Fundulus_heteroclitus-3.0.2.104.gff3.gz
gadus_morhua/Gadus_morhua.gadMor3.0.104.chr.gff3.gz
gallus_gallus/Gallus_gallus.GRCg6a.104.chr.gff3.gz
gambusia_affinis/Gambusia_affinis.ASM309773v1.104.gff3.gz
gasterosteus_aculeatus/Gasterosteus_aculeatus.BROADS1.104.chr.gff3.gz
geospiza_fortis/Geospiza_fortis.GeoFor_1.0.104.gff3.gz
gopherus_agassizii/Gopherus_agassizii.ASM289641v1.104.gff3.gz
gopherus_evgoodei/Gopherus_evgoodei.rGopEvg1_v1.p.104.chr.gff3.gz
gorilla_gorilla/Gorilla_gorilla.gorGor4.104.chr.gff3.gz
gouania_willdenowi/Gouania_willdenowi.fGouWil2.1.104.chr.gff3.gz
haplochromis_burtoni/Haplochromis_burtoni.AstBur1.0.104.gff3.gz
heterocephalus_glaber_female/Heterocephalus_glaber_female.HetGla_female_1.0.104.gff3.gz
heterocephalus_glaber_male/Heterocephalus_glaber_male.HetGla_1.0.104.gff3.gz
hippocampus_comes/Hippocampus_comes.H_comes_QL1_v1.104.gff3.gz
homo_sapiens/Homo_sapiens.GRCh38.104.chr.gff3.gz
hucho_hucho/Hucho_hucho.ASM331708v1.104.gff3.gz
ictalurus_punctatus/Ictalurus_punctatus.IpCoco_1.2.104.chr.gff3.gz
ictidomys_tridecemlineatus/Ictidomys_tridecemlineatus.SpeTri2.0.104.gff3.gz
jaculus_jaculus/Jaculus_jaculus.JacJac1.0.104.gff3.gz
junco_hyemalis/Junco_hyemalis.ASM382977v1.104.gff3.gz
kryptolebias_marmoratus/Kryptolebias_marmoratus.ASM164957v1.104.gff3.gz
labrus_bergylta/Labrus_bergylta.BallGen_V1.104.gff3.gz
larimichthys_crocea/Larimichthys_crocea.L_crocea_2.0.104.chr.gff3.gz
lates_calcarifer/Lates_calcarifer.ASB_HGAPassembly_v1.104.gff3.gz
laticauda_laticaudata/Laticauda_laticaudata.latLat_1.0.104.gff3.gz
latimeria_chalumnae/Latimeria_chalumnae.LatCha1.104.gff3.gz
lepidothrix_coronata/Lepidothrix_coronata.Lepidothrix_coronata-1.0.104.gff3.gz
lepisosteus_oculatus/Lepisosteus_oculatus.LepOcu1.104.chr.gff3.gz
leptobrachium_leishanense/Leptobrachium_leishanense.ASM966780v1.104.chr.gff3.gz
lonchura_striata_domestica/Lonchura_striata_domestica.LonStrDom1.104.gff3.gz
loxodonta_africana/Loxodonta_africana.loxAfr3.104.gff3.gz
lynx_canadensis/Lynx_canadensis.mLynCan4_v1.p.104.chr.gff3.gz
macaca_fascicularis/Macaca_fascicularis.Macaca_fascicularis_6.0.104.chr.gff3.gz
macaca_mulatta/Macaca_mulatta.Mmul_10.104.chr.gff3.gz
macaca_nemestrina/Macaca_nemestrina.Mnem_1.0.104.gff3.gz
malurus_cyaneus_samueli/Malurus_cyaneus_samueli.mCya_1.0.104.chr.gff3.gz
manacus_vitellinus/Manacus_vitellinus.ASM171598v2.104.gff3.gz
mandrillus_leucophaeus/Mandrillus_leucophaeus.Mleu.le_1.0.104.gff3.gz
marmota_marmota_marmota/Marmota_marmota_marmota.marMar2.1.104.gff3.gz
mastacembelus_armatus/Mastacembelus_armatus.fMasArm1.2.104.chr.gff3.gz
maylandia_zebra/Maylandia_zebra.M_zebra_UMD2a.104.chr.gff3.gz
meleagris_gallopavo/Meleagris_gallopavo.Turkey_5.1.104.chr.gff3.gz
melopsittacus_undulatus/Melopsittacus_undulatus.Melopsittacus_undulatus_6.3.104.gff3.gz
meriones_unguiculatus/Meriones_unguiculatus.MunDraft-v1.0.104.gff3.gz
mesocricetus_auratus/Mesocricetus_auratus.MesAur1.0.104.gff3.gz
microcebus_murinus/Microcebus_murinus.Mmur_3.0.104.chr.gff3.gz
microtus_ochrogaster/Microtus_ochrogaster.MicOch1.0.104.chr.gff3.gz
mola_mola/Mola_mola.ASM169857v1.104.gff3.gz
monodelphis_domestica/Monodelphis_domestica.ASM229v1.104.chr.gff3.gz
monodon_monoceros/Monodon_monoceros.NGI_Narwhal_1.104.gff3.gz
monopterus_albus/Monopterus_albus.M_albus_1.0.104.gff3.gz
moschus_moschiferus/Moschus_moschiferus.MosMos_v2_BIUU_UCD.104.gff3.gz
mustela_putorius_furo/Mustela_putorius_furo.MusPutFur1.0.104.gff3.gz
mus_caroli/Mus_caroli.CAROLI_EIJ_v1.1.104.chr.gff3.gz
mus_musculus/Mus_musculus.GRCm39.104.chr.gff3.gz
mus_musculus_129s1svimj/Mus_musculus_129s1svimj.129S1_SvImJ_v1.104.chr.gff3.gz
mus_musculus_aj/Mus_musculus_aj.A_J_v1.104.chr.gff3.gz
mus_musculus_akrj/Mus_musculus_akrj.AKR_J_v1.104.chr.gff3.gz
mus_musculus_balbcj/Mus_musculus_balbcj.BALB_cJ_v1.104.chr.gff3.gz
mus_musculus_c3hhej/Mus_musculus_c3hhej.C3H_HeJ_v1.104.chr.gff3.gz
mus_musculus_c57bl6nj/Mus_musculus_c57bl6nj.C57BL_6NJ_v1.104.chr.gff3.gz
mus_musculus_casteij/Mus_musculus_casteij.CAST_EiJ_v1.104.chr.gff3.gz
mus_musculus_cbaj/Mus_musculus_cbaj.CBA_J_v1.104.chr.gff3.gz
mus_musculus_dba2j/Mus_musculus_dba2j.DBA_2J_v1.104.chr.gff3.gz
mus_musculus_fvbnj/Mus_musculus_fvbnj.FVB_NJ_v1.104.chr.gff3.gz
mus_musculus_lpj/Mus_musculus_lpj.LP_J_v1.104.chr.gff3.gz
mus_musculus_nodshiltj/Mus_musculus_nodshiltj.NOD_ShiLtJ_v1.104.chr.gff3.gz
mus_musculus_nzohlltj/Mus_musculus_nzohlltj.NZO_HlLtJ_v1.104.chr.gff3.gz
mus_musculus_pwkphj/Mus_musculus_pwkphj.PWK_PhJ_v1.104.chr.gff3.gz
mus_musculus_wsbeij/Mus_musculus_wsbeij.WSB_EiJ_v1.104.chr.gff3.gz
mus_pahari/Mus_pahari.PAHARI_EIJ_v1.1.104.chr.gff3.gz
mus_spicilegus/Mus_spicilegus.MUSP714.104.gff3.gz
mus_spretus/Mus_spretus.SPRET_EiJ_v1.104.chr.gff3.gz
myotis_lucifugus/Myotis_lucifugus.Myoluc2.0.104.gff3.gz
myripristis_murdjan/Myripristis_murdjan.fMyrMur1.1.104.chr.gff3.gz
naja_naja/Naja_naja.Nana_v5.104.chr.gff3.gz
nannospalax_galili/Nannospalax_galili.S.galili_v1.0.104.gff3.gz
neogobius_melanostomus/Neogobius_melanostomus.RGoby_Basel_V2.104.gff3.gz
neolamprologus_brichardi/Neolamprologus_brichardi.NeoBri1.0.104.gff3.gz
neovison_vison/Neovison_vison.NNQGG.v01.104.gff3.gz
nomascus_leucogenys/Nomascus_leucogenys.Nleu_3.0.104.chr.gff3.gz
notamacropus_eugenii/Notamacropus_eugenii.Meug_1.0.104.gff3.gz
notechis_scutatus/Notechis_scutatus.TS10Xv2-PRI.104.gff3.gz
nothobranchius_furzeri/Nothobranchius_furzeri.Nfu_20140520.104.chr.gff3.gz
nothoprocta_perdicaria/Nothoprocta_perdicaria.notPer1.104.gff3.gz
numida_meleagris/Numida_meleagris.NumMel1.0.104.chr.gff3.gz
ochotona_princeps/Ochotona_princeps.OchPri2.0-Ens.104.gff3.gz
octodon_degus/Octodon_degus.OctDeg1.0.104.gff3.gz
oncorhynchus_kisutch/Oncorhynchus_kisutch.Okis_V2.104.chr.gff3.gz
oncorhynchus_mykiss/Oncorhynchus_mykiss.Omyk_1.0.104.chr.gff3.gz
oncorhynchus_tshawytscha/Oncorhynchus_tshawytscha.Otsh_v1.0.104.chr.gff3.gz
oreochromis_aureus/Oreochromis_aureus.ASM587006v1.104.gff3.gz
oreochromis_niloticus/Oreochromis_niloticus.O_niloticus_UMD_NMBU.104.chr.gff3.gz
ornithorhynchus_anatinus/Ornithorhynchus_anatinus.mOrnAna1.p.v1.104.chr.gff3.gz
oryctolagus_cuniculus/Oryctolagus_cuniculus.OryCun2.0.104.chr.gff3.gz
oryzias_javanicus/Oryzias_javanicus.OJAV_1.1.104.chr.gff3.gz
oryzias_latipes/Oryzias_latipes.ASM223467v1.104.chr.gff3.gz
oryzias_latipes_hni/Oryzias_latipes_hni.ASM223471v1.104.gff3.gz
oryzias_latipes_hsok/Oryzias_latipes_hsok.ASM223469v1.104.gff3.gz
oryzias_melastigma/Oryzias_melastigma.Om_v0.7.RACA.104.gff3.gz
oryzias_sinensis/Oryzias_sinensis.ASM858656v1.104.gff3.gz
otolemur_garnettii/Otolemur_garnettii.OtoGar3.104.gff3.gz
otus_sunia/Otus_sunia.OtuSun1.0.104.gff3.gz
ovis_aries/Ovis_aries.Oar_v3.1.104.chr.gff3.gz
ovis_aries_rambouillet/Ovis_aries_rambouillet.Oar_rambouillet_v1.0.104.chr.gff3.gz
panthera_leo/Panthera_leo.PanLeo1.0.104.chr.gff3.gz
panthera_pardus/Panthera_pardus.PanPar1.0.104.gff3.gz
panthera_tigris_altaica/Panthera_tigris_altaica.PanTig1.0.104.gff3.gz
pan_paniscus/Pan_paniscus.panpan1.1.104.chr.gff3.gz
pan_troglodytes/Pan_troglodytes.Pan_tro_3.0.104.chr.gff3.gz
papio_anubis/Papio_anubis.Panu_3.0.104.chr.gff3.gz
parambassis_ranga/Parambassis_ranga.fParRan2.1.104.chr.gff3.gz
paramormyrops_kingsleyae/Paramormyrops_kingsleyae.PKINGS_0.1.104.gff3.gz
parus_major/Parus_major.Parus_major1.1.104.chr.gff3.gz
pavo_cristatus/Pavo_cristatus.AIIM_Pcri_1.0.104.gff3.gz
pelodiscus_sinensis/Pelodiscus_sinensis.PelSin_1.0.104.gff3.gz
pelusios_castaneus/Pelusios_castaneus.Pelusios_castaneus-1.0.104.gff3.gz
periophthalmus_magnuspinnatus/Periophthalmus_magnuspinnatus.PM.fa.104.gff3.gz
peromyscus_maniculatus_bairdii/Peromyscus_maniculatus_bairdii.HU_Pman_2.1.104.chr.gff3.gz
petromyzon_marinus/Petromyzon_marinus.Pmarinus_7.0.104.gff3.gz
phascolarctos_cinereus/Phascolarctos_cinereus.phaCin_unsw_v4.1.104.gff3.gz
phasianus_colchicus/Phasianus_colchicus.ASM414374v1.104.gff3.gz
phocoena_sinus/Phocoena_sinus.mPhoSin1.pri.104.chr.gff3.gz
physeter_catodon/Physeter_catodon.ASM283717v2.104.chr.gff3.gz
piliocolobus_tephrosceles/Piliocolobus_tephrosceles.ASM277652v2.104.gff3.gz
podarcis_muralis/Podarcis_muralis.PodMur_1.0.104.chr.gff3.gz
poecilia_formosa/Poecilia_formosa.PoeFor_5.1.2.104.gff3.gz
poecilia_latipinna/Poecilia_latipinna.P_latipinna-1.0.104.gff3.gz
poecilia_mexicana/Poecilia_mexicana.P_mexicana-1.0.104.gff3.gz
poecilia_reticulata/Poecilia_reticulata.Guppy_female_1.0_MT.104.chr.gff3.gz
pogona_vitticeps/Pogona_vitticeps.pvi1.1.104.gff3.gz
pongo_abelii/Pongo_abelii.PPYG2.104.chr.gff3.gz
procavia_capensis/Procavia_capensis.proCap1.104.gff3.gz
prolemur_simus/Prolemur_simus.Prosim_1.0.104.gff3.gz
propithecus_coquereli/Propithecus_coquereli.Pcoq_1.0.104.gff3.gz
pseudonaja_textilis/Pseudonaja_textilis.EBS10Xv2-PRI.104.gff3.gz
pteropus_vampyrus/Pteropus_vampyrus.pteVam1.104.gff3.gz
pundamilia_nyererei/Pundamilia_nyererei.PunNye1.0.104.gff3.gz
pygocentrus_nattereri/Pygocentrus_nattereri.Pygocentrus_nattereri-1.0.2.104.gff3.gz
rattus_norvegicus/Rattus_norvegicus.Rnor_6.0.104.chr.gff3.gz
rhinolophus_ferrumequinum/Rhinolophus_ferrumequinum.mRhiFer1_v1.p.104.chr.gff3.gz
rhinopithecus_bieti/Rhinopithecus_bieti.ASM169854v1.104.gff3.gz
saccharomyces_cerevisiae/Saccharomyces_cerevisiae.R64-1-1.104.gff3.gz
saimiri_boliviensis_boliviensis/Saimiri_boliviensis_boliviensis.SaiBol1.0.104.gff3.gz
salarias_fasciatus/Salarias_fasciatus.fSalaFa1.1.104.chr.gff3.gz
salmo_salar/Salmo_salar.ICSASG_v2.104.chr.gff3.gz
salmo_trutta/Salmo_trutta.fSalTru1.1.104.chr.gff3.gz
salvator_merianae/Salvator_merianae.HLtupMer3.104.gff3.gz
sander_lucioperca/Sander_lucioperca.SLUC_FBN_1.104.gff3.gz
sarcophilus_harrisii/Sarcophilus_harrisii.mSarHar1.11.104.chr.gff3.gz
sciurus_vulgaris/Sciurus_vulgaris.mSciVul1.1.104.chr.gff3.gz
scleropages_formosus/Scleropages_formosus.fSclFor1.1.104.chr.gff3.gz
scophthalmus_maximus/Scophthalmus_maximus.ASM1334776v1.104.chr.gff3.gz
serinus_canaria/Serinus_canaria.SCA1.104.gff3.gz
seriola_dumerili/Seriola_dumerili.Sdu_1.0.104.gff3.gz
seriola_lalandi_dorsalis/Seriola_lalandi_dorsalis.Sedor1.104.gff3.gz
sinocyclocheilus_anshuiensis/Sinocyclocheilus_anshuiensis.SAMN03320099.WGS_v1.1.104.gff3.gz
sinocyclocheilus_grahami/Sinocyclocheilus_grahami.SAMN03320097.WGS_v1.1.104.gff3.gz
sinocyclocheilus_rhinocerous/Sinocyclocheilus_rhinocerous.SAMN03320098_v1.1.104.gff3.gz
sorex_araneus/Sorex_araneus.COMMON_SHREW1.104.gff3.gz
sparus_aurata/Sparus_aurata.fSpaAur1.1.104.gff3.gz
spermophilus_dauricus/Spermophilus_dauricus.ASM240643v1.104.gff3.gz
sphaeramia_orbicularis/Sphaeramia_orbicularis.fSphaOr1.1.104.chr.gff3.gz
sphenodon_punctatus/Sphenodon_punctatus.ASM311381v1.104.gff3.gz
stachyris_ruficeps/Stachyris_ruficeps.ASM869450v1.104.gff3.gz
stegastes_partitus/Stegastes_partitus.Stegastes_partitus-1.0.2.104.gff3.gz
strigops_habroptila/Strigops_habroptila.bStrHab1_v1.p.104.chr.gff3.gz
strix_occidentalis_caurina/Strix_occidentalis_caurina.Soccid_v01.104.gff3.gz
struthio_camelus_australis/Struthio_camelus_australis.ASM69896v1.104.gff3.gz
suricata_suricatta/Suricata_suricatta.meerkat_22Aug2017_6uvM2_HiC.104.chr.gff3.gz
sus_scrofa/Sus_scrofa.Sscrofa11.1.104.chr.gff3.gz
sus_scrofa_bamei/Sus_scrofa_bamei.Bamei_pig_v1.104.gff3.gz
sus_scrofa_berkshire/Sus_scrofa_berkshire.Berkshire_pig_v1.104.gff3.gz
sus_scrofa_hampshire/Sus_scrofa_hampshire.Hampshire_pig_v1.104.gff3.gz
sus_scrofa_jinhua/Sus_scrofa_jinhua.Jinhua_pig_v1.104.gff3.gz
sus_scrofa_landrace/Sus_scrofa_landrace.Landrace_pig_v1.104.gff3.gz
sus_scrofa_largewhite/Sus_scrofa_largewhite.Large_White_v1.104.gff3.gz
sus_scrofa_meishan/Sus_scrofa_meishan.Meishan_pig_v1.104.gff3.gz
sus_scrofa_pietrain/Sus_scrofa_pietrain.Pietrain_pig_v1.104.gff3.gz
sus_scrofa_rongchang/Sus_scrofa_rongchang.Rongchang_pig_v1.104.gff3.gz
sus_scrofa_tibetan/Sus_scrofa_tibetan.Tibetan_Pig_v2.104.gff3.gz
sus_scrofa_usmarc/Sus_scrofa_usmarc.USMARCv1.0.104.chr.gff3.gz
sus_scrofa_wuzhishan/Sus_scrofa_wuzhishan.minipig_v1.0.104.gff3.gz
taeniopygia_guttata/Taeniopygia_guttata.bTaeGut1_v1.p.104.chr.gff3.gz
takifugu_rubripes/Takifugu_rubripes.fTakRub1.2.104.chr.gff3.gz
terrapene_carolina_triunguis/Terrapene_carolina_triunguis.T_m_triunguis-2.0.104.gff3.gz
tetraodon_nigroviridis/Tetraodon_nigroviridis.TETRAODON8.104.chr.gff3.gz
theropithecus_gelada/Theropithecus_gelada.Tgel_1.0.104.chr.gff3.gz
tupaia_belangeri/Tupaia_belangeri.TREESHREW.104.gff3.gz
tursiops_truncatus/Tursiops_truncatus.turTru1.104.gff3.gz
urocitellus_parryii/Urocitellus_parryii.ASM342692v1.104.gff3.gz
ursus_americanus/Ursus_americanus.ASM334442v1.104.gff3.gz
ursus_maritimus/Ursus_maritimus.UrsMar_1.0.104.gff3.gz
ursus_thibetanus_thibetanus/Ursus_thibetanus_thibetanus.ASM966005v1.104.gff3.gz
varanus_komodoensis/Varanus_komodoensis.ASM479886v1.104.gff3.gz
vicugna_pacos/Vicugna_pacos.vicPac1.104.gff3.gz
vombatus_ursinus/Vombatus_ursinus.bare-nosed_wombat_genome_assembly.104.gff3.gz
vulpes_vulpes/Vulpes_vulpes.VulVul2.2.104.gff3.gz
xenopus_tropicalis/Xenopus_tropicalis.Xenopus_tropicalis_v9.1.104.chr.gff3.gz
xiphophorus_couchianus/Xiphophorus_couchianus.Xiphophorus_couchianus-4.0.1.104.gff3.gz
xiphophorus_maculatus/Xiphophorus_maculatus.X_maculatus-5.0-male.104.chr.gff3.gz
zalophus_californianus/Zalophus_californianus.mZalCal1.pri.104.chr.gff3.gz
zonotrichia_albicollis/Zonotrichia_albicollis.Zonotrichia_albicollis-1.0.1.104.gff3.gz
zosterops_lateralis_melanops/Zosterops_lateralis_melanops.ASM128173v1.104.gff3.gz
